name,email,gender
Carling Heugle,cheugle0@moonfruit.com,Male
Conney Nightingale,cnightingale1@istockphoto.com,Male
Georgi Shambrooke,gshambrooke2@unicef.org,Female
Kareem Kitley,kkitley3@spotify.com,Female
Jerrilee Padson,jpadson4@wikia.com,Male
Collin Agge,cagge5@wiley.com,Male
Maura Mansion,mmansion6@discuz.net,Female
Paige Domenici,pdomenici7@fc2.com,Male
Jacquelin Joselevitz,jjoselevitz8@goodreads.com,Male
Tito Scanlan,tscanlan9@abc.net.au,Male
Amalita Ventom,aventoma@netvibes.com,Female
Larina Hardaway,lhardawayb@buzzfeed.com,Female
Eziechiele Heinssen,eheinssenc@answers.com,Male
Law McGuire,lmcguired@so-net.ne.jp,Female
Cassius Coopey,ccoopeye@reuters.com,Female
Noellyn Cowoppe,ncowoppef@bluehost.com,Female
Kimberlee Gobolos,kgobolosg@google.fr,Male
Felix Reubel,freubelh@rambler.ru,Male
Elsa Duckworth,educkworthi@nasa.gov,Male
Viviyan Patrono,vpatronoj@bloglovin.com,Male
Ransell Chorlton,rchorltonk@creativecommons.org,Male
Chandra Manhood,cmanhoodl@hao123.com,Male
Arden Grabert,agrabertm@sfgate.com,Female
Sebastiano Greggs,sgreggsn@paginegialle.it,Female
Noak Whittingham,nwhittinghamo@live.com,Female
Hershel Thickens,hthickensp@dyndns.org,Male
Stormie Keener,skeenerq@wsj.com,Male
Lucia Pedder,lpedderr@squidoo.com,Male
Leonie Josephi,ljosephis@photobucket.com,Female
Zsazsa Dunning,zdunningt@live.com,Female
Raphael Price,rpriceu@dailymotion.com,Male
Hervey York,hyorkv@latimes.com,Male
Cortie Concannon,cconcannonw@engadget.com,Female
Fredra Pittem,fpittemx@sciencedirect.com,Female
Mose Bradneck,mbradnecky@myspace.com,Male
Gussy Hankard,ghankardz@plala.or.jp,Female
Karrie Bernadzki,kbernadzki10@narod.ru,Male
Farrand Dight,fdight11@stanford.edu,Female
Marita Passe,mpasse12@loc.gov,Male
Butch Choake,bchoake13@microsoft.com,Female
Jaime Ferminger,jferminger14@ocn.ne.jp,Female
Thorstein Holah,tholah15@google.com.hk,Female
Flore Shercliff,fshercliff16@weather.com,Female
Minette Eatock,meatock17@paypal.com,Male
Lorain Dudman,ldudman18@hao123.com,Female
Tomasina Briddock,tbriddock19@hugedomains.com,Female
Ignace Weyman,iweyman1a@rediff.com,Male
Harman Penzer,hpenzer1b@macromedia.com,Male
Zechariah Guerreau,zguerreau1c@domainmarket.com,Female
Dasie Trebbett,dtrebbett1d@sogou.com,Male
Kylynn Bradmore,kbradmore1e@ucsd.edu,Female
Arri Lynas,alynas1f@ihg.com,Female
Sydel Morgen,smorgen1g@shop-pro.jp,Female
Massimiliano Olyonov,molyonov1h@goodreads.com,Female
Quinlan Wheelband,qwheelband1i@techcrunch.com,Male
Gail Raffles,graffles1j@infoseek.co.jp,Female
Khalil Busain,kbusain1k@yandex.ru,Male
Annabell Massard,amassard1l@ameblo.jp,Male
Desiri Uren,duren1m@dyndns.org,Male
Tallulah Comley,tcomley1n@nbcnews.com,Male
Glyn Gouge,ggouge1o@sina.com.cn,Female
Jillene Ghion,jghion1p@live.com,Male
Melba Faulks,mfaulks1q@gnu.org,Female
Sheela Beswick,sbeswick1r@washington.edu,Male
Teodorico Schwandner,tschwandner1s@ed.gov,Female
Mikey Wickstead,mwickstead1t@odnoklassniki.ru,Female
Jessica Fishe,jfishe1u@uol.com.br,Female
Edwina Doberer,edoberer1v@ihg.com,Female
Bartel Pickaver,bpickaver1w@macromedia.com,Male
Orland Slides,oslides1x@edublogs.org,Female
Catarina Godfray,cgodfray1y@gnu.org,Female
Vladimir Latehouse,vlatehouse1z@hp.com,Female
Maure Harker,mharker20@tinyurl.com,Male
Goddard Dimitrie,gdimitrie21@fastcompany.com,Male
Violetta Eadmeads,veadmeads22@mediafire.com,Male
Lesli Endecott,lendecott23@angelfire.com,Female
Elysha Fronzek,efronzek24@123-reg.co.uk,Male
Shelley Bausmann,sbausmann25@blog.com,Female
Benedikt Rheubottom,brheubottom26@over-blog.com,Male
Denni Crowd,dcrowd27@wsj.com,Female
Zedekiah Peeke,zpeeke28@tmall.com,Male
Reider Jowett,rjowett29@ox.ac.uk,Male
Esther Simond,esimond2a@abc.net.au,Male
Tisha Rickerd,trickerd2b@ihg.com,Female
Chadd Shade,cshade2c@java.com,Male
Dickie Gaggen,dgaggen2d@qq.com,Female
Ingmar Bestall,ibestall2e@wordpress.com,Female
Dianne Speeks,dspeeks2f@unblog.fr,Female
Clarette Peddar,cpeddar2g@privacy.gov.au,Female
Gregg Threader,gthreader2h@deliciousdays.com,Male
Jenna Gostling,jgostling2i@newyorker.com,Male
Joe Lever,jlever2j@woothemes.com,Female
Antoine Fewkes,afewkes2k@macromedia.com,Female
Cecil Baversor,cbaversor2l@photobucket.com,Female
Massimiliano Tremayle,mtremayle2m@google.co.uk,Female
Niccolo Knell,nknell2n@opera.com,Female
Tadio Wotherspoon,twotherspoon2o@bloomberg.com,Male
Wat Lidgerton,wlidgerton2p@cloudflare.com,Female
Lilllie Manifould,lmanifould2q@fc2.com,Male
Valentina McCahill,vmccahill2r@npr.org,Male
Leonie Rawcliff,lrawcliff2s@hostgator.com,Female
Margarete Schrieves,mschrieves2t@tuttocitta.it,Male
Guthry McKomb,gmckomb2u@usgs.gov,Male
Ronda Olligan,rolligan2v@qq.com,Male
Nehemiah Keniwell,nkeniwell2w@flickr.com,Female
Carmela Pardie,cpardie2x@whitehouse.gov,Male
Washington Brandino,wbrandino2y@weibo.com,Male
Clive Towersey,ctowersey2z@elegantthemes.com,Female
Elayne Nevin,enevin30@amazonaws.com,Female
Randene Kirsz,rkirsz31@nbcnews.com,Female
Lance Scholtz,lscholtz32@ucla.edu,Male
Lincoln Burling,lburling33@usgs.gov,Female
Ardelle Gauld,agauld34@nyu.edu,Female
Lavinie Munnis,lmunnis35@dropbox.com,Female
Guenevere Padden,gpadden36@theatlantic.com,Female
Linell Reeken,lreeken37@ed.gov,Female
Loise Galgey,lgalgey38@google.it,Male
Kanya Kretschmer,kkretschmer39@cyberchimps.com,Male
Nicholle Dight,ndight3a@wix.com,Female
Florentia Grimsdyke,fgrimsdyke3b@mapy.cz,Male
Shea Gawke,sgawke3c@diigo.com,Female
Francklyn Splevings,fsplevings3d@eventbrite.com,Female
Erick Petofi,epetofi3e@discuz.net,Male
Saunder Durward,sdurward3f@biglobe.ne.jp,Female
Hermia Swynley,hswynley3g@psu.edu,Female
Vinnie Bagnall,vbagnall3h@miitbeian.gov.cn,Male
Lynett Darrel,ldarrel3i@github.com,Female
Will Pennycock,wpennycock3j@vk.com,Female
Almeda Kennermann,akennermann3k@csmonitor.com,Male
Di Marris,dmarris3l@elegantthemes.com,Female
Lucho Hove,lhove3m@jugem.jp,Female
Giacinta Albery,galbery3n@buzzfeed.com,Female
Horace Rigg,hrigg3o@flickr.com,Female
Andrea Everley,aeverley3p@cnet.com,Female
Kellyann Evanson,kevanson3q@europa.eu,Female
Celestia Arkwright,carkwright3r@si.edu,Female
Colette Pheby,cpheby3s@jimdo.com,Female
Byron Novis,bnovis3t@disqus.com,Male
Neilla Skayman,nskayman3u@moonfruit.com,Male
Ferd Fer,ffer3v@xing.com,Female
Rafe Iorizzo,riorizzo3w@jiathis.com,Male
Hollis McDougald,hmcdougald3x@japanpost.jp,Male
Jeramey Chambers,jchambers3y@guardian.co.uk,Male
Rayna Cecere,rcecere3z@elpais.com,Female
Millicent Powling,mpowling40@house.gov,Female
Olia Krysiak,okrysiak41@tamu.edu,Male
Lionello Wickendon,lwickendon42@cnbc.com,Male
Delbert Worham,dworham43@vk.com,Female
Olivero Filipov,ofilipov44@theatlantic.com,Male
Verile Shearn,vshearn45@yandex.ru,Female
Otes Randlesome,orandlesome46@qq.com,Male
Maurita Farmer,mfarmer47@flickr.com,Male
Parker Ferraro,pferraro48@wsj.com,Female
Teodor Monnoyer,tmonnoyer49@tuttocitta.it,Male
Ame Eberst,aeberst4a@weather.com,Female
Rosaline Kneeshaw,rkneeshaw4b@posterous.com,Male
Tommie Akerman,takerman4c@1und1.de,Male
Lexy Cottingham,lcottingham4d@unesco.org,Female
Orella Addie,oaddie4e@yellowpages.com,Male
Nickolaus Jenton,njenton4f@msu.edu,Female
Glyn Hadwin,ghadwin4g@patch.com,Male
Alex Seward,aseward4h@odnoklassniki.ru,Female
Karl Twelftree,ktwelftree4i@about.me,Female
Cody Royson,croyson4j@google.cn,Male
Travus Ganniclifft,tganniclifft4k@vinaora.com,Female
Bartlett Ridout,bridout4l@about.com,Female
Julee Chesson,jchesson4m@auda.org.au,Female
Arvie Kibbee,akibbee4n@google.ca,Female
Kalle Acton,kacton4o@buzzfeed.com,Male
Goran Caberas,gcaberas4p@usnews.com,Female
Jerad Olliver,jolliver4q@netlog.com,Male
Chadwick Boni,cboni4r@digg.com,Male
Wynnie Aspinal,waspinal4s@creativecommons.org,Female
Flor Kimble,fkimble4t@ow.ly,Female
Lowe Fortnam,lfortnam4u@fastcompany.com,Female
Ursuline Jemison,ujemison4v@example.com,Male
Daveta Fulton,dfulton4w@rambler.ru,Female
Marten Vasyanin,mvasyanin4x@cnbc.com,Female
Rubia Iorns,riorns4y@purevolume.com,Male
Danette MacAne,dmacane4z@nyu.edu,Male
Corrie Haydon,chaydon50@telegraph.co.uk,Male
Alanah Titmarsh,atitmarsh51@aboutads.info,Female
Nikolaos Leipoldt,nleipoldt52@ebay.com,Female
Laverne Sollett,lsollett53@weebly.com,Female
Kimbell Olensby,kolensby54@printfriendly.com,Male
Terence Fishburn,tfishburn55@nifty.com,Male
Jammie Haseldine,jhaseldine56@istockphoto.com,Female
Larissa McGrail,lmcgrail57@biglobe.ne.jp,Male
Klement Elliston,kelliston58@baidu.com,Female
Spike Cammacke,scammacke59@guardian.co.uk,Male
Harbert Sherston,hsherston5a@netlog.com,Female
Keven Gages,kgages5b@stumbleupon.com,Male
Terra Rann,trann5c@skype.com,Female
Sampson Cornes,scornes5d@github.io,Female
Jeramey Inman,jinman5e@hubpages.com,Female
Kelbee Dunnaway,kdunnaway5f@jimdo.com,Male
Madeleine Timeby,mtimeby5g@cargocollective.com,Male
Leroy Jiroudek,ljiroudek5h@github.com,Female
Lynsey Lestrange,llestrange5i@mlb.com,Male
Jermaine Rablin,jrablin5j@opensource.org,Male
Morris Murton,mmurton5k@ask.com,Female
Hana Francescuccio,hfrancescuccio5l@is.gd,Female
Chrysler Lauder,clauder5m@msu.edu,Female
Salomon Hillan,shillan5n@clickbank.net,Female
Antonin Toma,atoma5o@nps.gov,Female
Ty Tomaskunas,ttomaskunas5p@eepurl.com,Male
Annetta Palffy,apalffy5q@squidoo.com,Male
Donn Laguerre,dlaguerre5r@latimes.com,Female
Vanessa Spavins,vspavins5s@123-reg.co.uk,Female
Gerik Johansen,gjohansen5t@1688.com,Male
Vernon De La Salle,vde5u@usnews.com,Male
Cristobal Bromehead,cbromehead5v@wiley.com,Female
Guinevere Greenstreet,ggreenstreet5w@yahoo.co.jp,Male
Zoe Brickstock,zbrickstock5x@yale.edu,Female
Rod Newcomb,rnewcomb5y@naver.com,Male
Melodie Hearn,mhearn5z@goo.gl,Male
Barbra Grelak,bgrelak60@1und1.de,Female
Stanwood Bjorkan,sbjorkan61@cdc.gov,Male
Tudor Prout,tprout62@ask.com,Female
Leah Laurens,llaurens63@1688.com,Female
Nahum Yosselevitch,nyosselevitch64@theatlantic.com,Male
Zola Denizet,zdenizet65@linkedin.com,Male
Ignacius Giamelli,igiamelli66@wikia.com,Female
Sammie Nono,snono67@devhub.com,Female
Terese Gissing,tgissing68@ox.ac.uk,Male
Bing Phalip,bphalip69@biblegateway.com,Male
Charlotta Di Franceschi,cdi6a@cdc.gov,Male
Karilynn Jeanon,kjeanon6b@altervista.org,Female
Krystyna Benford,kbenford6c@noaa.gov,Male
Hannis Tratton,htratton6d@pinterest.com,Female
Maxi Cutridge,mcutridge6e@state.gov,Female
Tasia Elverstone,telverstone6f@va.gov,Female
Pail Cody,pcody6g@plala.or.jp,Male
Carlyle Kops,ckops6h@weebly.com,Male
Lesley Martyntsev,lmartyntsev6i@php.net,Female
Kimbra Straughan,kstraughan6j@xing.com,Male
Ruthanne Blakemore,rblakemore6k@dell.com,Male
Hyacinthe Slyde,hslyde6l@chicagotribune.com,Male
Deonne Davydoch,ddavydoch6m@unesco.org,Female
Tommie Sandys,tsandys6n@admin.ch,Male
Mose Novic,mnovic6o@forbes.com,Male
Sayres Osanne,sosanne6p@statcounter.com,Male
Tiertza Mewe,tmewe6q@netvibes.com,Female
Daron Habbershon,dhabbershon6r@chron.com,Male
Lorena Bellie,lbellie6s@cdc.gov,Male
Elvera Titlow,etitlow6t@live.com,Female
Obie Ilchuk,oilchuk6u@europa.eu,Male
Brian Bernardo,bbernardo6v@fastcompany.com,Female
Vicky Soane,vsoane6w@twitter.com,Female
Ronnie Mauchline,rmauchline6x@alibaba.com,Male
Thain Gogan,tgogan6y@independent.co.uk,Male
West Robic,wrobic6z@youtu.be,Male
Othilie Conelly,oconelly70@craigslist.org,Female
Junia Roffe,jroffe71@phoca.cz,Female
Delly Helbeck,dhelbeck72@sbwire.com,Female
Cornelia Nawton,cnawton73@exblog.jp,Male
Gabi Climo,gclimo74@wordpress.com,Male
Fayette Smogur,fsmogur75@va.gov,Female
Tessi McGuffie,tmcguffie76@1688.com,Male
Gerty Clines,gclines77@berkeley.edu,Female
Rriocard Kalb,rkalb78@google.nl,Male
Gareth Dei,gdei79@google.es,Male
Antonietta Overstreet,aoverstreet7a@free.fr,Male
Giustino Scough,gscough7b@house.gov,Female
Brnaba Shotboulte,bshotboulte7c@xrea.com,Female
Catha Kenna,ckenna7d@artisteer.com,Male
Hyacintha Rollo,hrollo7e@cisco.com,Female
Ezra Breydin,ebreydin7f@bigcartel.com,Male
Skip Hurley,shurley7g@walmart.com,Female
Betsey Greschik,bgreschik7h@ed.gov,Female
Bartholomeus Ferney,bferney7i@angelfire.com,Male
Bridget Malter,bmalter7j@hubpages.com,Male
Cookie Warden,cwarden7k@amazon.co.jp,Female
Alfi McKim,amckim7l@newsvine.com,Female
Loree Woodcroft,lwoodcroft7m@mozilla.com,Male
Nolan Bursnall,nbursnall7n@xinhuanet.com,Male
Flinn Biskupek,fbiskupek7o@fda.gov,Female
Bryna Galler,bgaller7p@vkontakte.ru,Male
Eudora Fortnum,efortnum7q@naver.com,Female
Burton Findon,bfindon7r@theglobeandmail.com,Male
Oliy Frow,ofrow7s@paginegialle.it,Male
Jourdain Ceyssen,jceyssen7t@sogou.com,Female
Estelle Eake,eeake7u@photobucket.com,Female
Maurise Cruickshanks,mcruickshanks7v@taobao.com,Female
Craggy Gayton,cgayton7w@tmall.com,Male
Barron Cusick,bcusick7x@ow.ly,Female
Chester Coucher,ccoucher7y@blogs.com,Male
Rozelle Lush,rlush7z@istockphoto.com,Female
Windham Francom,wfrancom80@arizona.edu,Male
Ricoriki Stroban,rstroban81@skyrock.com,Male
Bellina Eliasen,beliasen82@phoca.cz,Female
Jim Aherne,jaherne83@twitter.com,Male
Sydelle Brigden,sbrigden84@tinypic.com,Female
Orville Sapey,osapey85@yellowpages.com,Female
Noelani Oldford,noldford86@jigsy.com,Female
Orly Jakobssen,ojakobssen87@kickstarter.com,Female
Selie Charleston,scharleston88@about.me,Female
Ruth Ameer-Beg,rameerbeg89@mac.com,Female
Jenna Scanes,jscanes8a@comsenz.com,Female
Sibley Toffano,stoffano8b@bbc.co.uk,Male
Aile Aphale,aaphale8c@quantcast.com,Male
Luca Tallboy,ltallboy8d@yolasite.com,Female
Cynde Burgh,cburgh8e@is.gd,Female
Gherardo Vahl,gvahl8f@deliciousdays.com,Male
Alejoa Honniebal,ahonniebal8g@aol.com,Female
Miof mela Conville,mmela8h@google.fr,Female
Osbert A'field,oafield8i@oakley.com,Female
Sunny Tunna,stunna8j@ezinearticles.com,Female
Rodger Boler,rboler8k@mozilla.org,Female
Tim Siggs,tsiggs8l@cpanel.net,Female
Jarrid Rapper,jrapper8m@simplemachines.org,Male
Trisha Standell,tstandell8n@cnbc.com,Male
Sergei Jacquet,sjacquet8o@latimes.com,Male
Carce Cases,ccases8p@cnn.com,Male
Ivan Stoppard,istoppard8q@imgur.com,Male
Kale Liversedge,kliversedge8r@moonfruit.com,Female
Jimmy Landa,jlanda8s@dot.gov,Female
Vivian Tatum,vtatum8t@flavors.me,Female
Sloane Probyn,sprobyn8u@springer.com,Female
Micaela Eouzan,meouzan8v@samsung.com,Female
Garik Sussems,gsussems8w@forbes.com,Male
Caro Philipp,cphilipp8x@amazon.co.jp,Male
Casar Wolfart,cwolfart8y@fc2.com,Male
Trish Syson,tsyson8z@cbc.ca,Male
Kelci Jackett,kjackett90@linkedin.com,Male
Hendrika Guerre,hguerre91@wp.com,Female
Kimbell Corbitt,kcorbitt92@comcast.net,Female
Mikaela Crunden,mcrunden93@weebly.com,Female
Tersina Cutten,tcutten94@apache.org,Female
Hestia Escott,hescott95@prlog.org,Male
Shane Kennham,skennham96@jalbum.net,Female
Nero Burgisi,nburgisi97@youtu.be,Female
Elmer Wickling,ewickling98@ft.com,Male
Mellie O'Sheerin,mosheerin99@archive.org,Female
Ag Tattersdill,atattersdill9a@51.la,Male
Morganne Waliszewski,mwaliszewski9b@netvibes.com,Male
Belle Joyce,bjoyce9c@tinypic.com,Male
Arlene Ablett,aablett9d@dropbox.com,Female
Elston Yarnell,eyarnell9e@pen.io,Male
Cleo Sertin,csertin9f@ox.ac.uk,Male
Royce Celand,rceland9g@ask.com,Male
Ninnetta Corrett,ncorrett9h@apache.org,Female
Monique Voysey,mvoysey9i@dell.com,Female
Moe Lloyd,mlloyd9j@marriott.com,Male
Rossie Kemson,rkemson9k@washington.edu,Male
Fredek Wilcher,fwilcher9l@nifty.com,Female
Boote Hallgalley,bhallgalley9m@issuu.com,Female
Elias Scipsey,escipsey9n@squarespace.com,Male
Earle Jorck,ejorck9o@dailymotion.com,Male
Arthur Derisley,aderisley9p@cbc.ca,Male
Florence Fermoy,ffermoy9q@patch.com,Female
Dianna Van Merwe,dvan9r@youku.com,Male
Hobie Rubinfajn,hrubinfajn9s@reddit.com,Female
Rob Durak,rdurak9t@360.cn,Female
Georgia Kerr,gkerr9u@nytimes.com,Female
Georgianne Zipsell,gzipsell9v@toplist.cz,Male
Jackquelin Tesauro,jtesauro9w@elegantthemes.com,Female
Erinna Paolone,epaolone9x@indiegogo.com,Female
Peirce Sirmond,psirmond9y@marriott.com,Male
Emiline Warnes,ewarnes9z@godaddy.com,Female
Sterne Kervin,skervina0@time.com,Female
Riannon Lednor,rlednora1@scientificamerican.com,Female
Ciro Adlard,cadlarda2@marriott.com,Male
Matt Cocci,mcoccia3@acquirethisname.com,Female
Artemis Gianolo,agianoloa4@xing.com,Male
Dom Rapi,drapia5@cpanel.net,Male
Florencia Keiley,fkeileya6@over-blog.com,Female
Arvie Ciric,acirica7@tumblr.com,Male
Dolli Marklund,dmarklunda8@mediafire.com,Male
Orly Balassi,obalassia9@hubpages.com,Male
Noah Glowacki,nglowackiaa@ask.com,Male
Jojo Laurence,jlaurenceab@addtoany.com,Male
Arnold Dewane,adewaneac@amazon.com,Female
Boot de Werk,bdead@example.com,Male
Raimondo Moorwood,rmoorwoodae@ameblo.jp,Male
Franz Feldmesser,ffeldmesseraf@instagram.com,Female
Catha Lequeux,clequeuxag@slashdot.org,Female
Alasdair Dur,adurah@hostgator.com,Female
Fin Cakebread,fcakebreadai@merriam-webster.com,Female
Xena Faich,xfaichaj@storify.com,Female
Barty Hellyer,bhellyerak@nba.com,Female
Morlee Leckie,mleckieal@hao123.com,Male
Shelton Abrahamovitz,sabrahamovitzam@usa.gov,Male
Verile Botha,vbothaan@bizjournals.com,Male
Jacinthe Mangam,jmangamao@goo.gl,Male
Ricca Chevin,rchevinap@squidoo.com,Male
Berget Adriani,badrianiaq@geocities.com,Female
Gavrielle Peabody,gpeabodyar@msu.edu,Female
Ethelred Colles,ecollesas@cdbaby.com,Male
Reggie Circuitt,rcircuittat@unblog.fr,Male
Weider Hannigan,whanniganau@twitpic.com,Female
Ernestine McLanachan,emclanachanav@samsung.com,Female
Chris Spencelayh,cspencelayhaw@issuu.com,Female
Wanids Nower,wnowerax@oracle.com,Female
Raffarty Calbaithe,rcalbaitheay@upenn.edu,Male
Marita Carse,mcarseaz@ocn.ne.jp,Female
Emmerich Whatman,ewhatmanb0@51.la,Female
Randal Grimley,rgrimleyb1@bloglines.com,Female
Sascha Mattam,smattamb2@latimes.com,Female
Law Tidey,ltideyb3@globo.com,Male
Pet Bole,pboleb4@blog.com,Female
Roth Kleyn,rkleynb5@vk.com,Male
Hilario Rait,hraitb6@homestead.com,Male
Oralia Lathe,olatheb7@dailymotion.com,Female
Toiboid Bottomley,tbottomleyb8@zdnet.com,Female
Inger O'Shiel,ioshielb9@cornell.edu,Female
Farah Farrin,ffarrinba@prweb.com,Male
Latashia Gert,lgertbb@cnet.com,Male
Lizette Fitzsymon,lfitzsymonbc@goo.gl,Female
Concordia Carlson,ccarlsonbd@prnewswire.com,Female
Yoshi Keegan,ykeeganbe@blogs.com,Female
Hale Mochan,hmochanbf@studiopress.com,Male
Grange Garm,ggarmbg@bbb.org,Male
Dana Shelford,dshelfordbh@moonfruit.com,Male
Kathryn Rabbage,krabbagebi@ameblo.jp,Female
Ogden Ismail,oismailbj@wikimedia.org,Male
Dewey Dureden,dduredenbk@tamu.edu,Male
Colette Litt,clittbl@irs.gov,Male
Kale Bawcock,kbawcockbm@reddit.com,Male
Joyce Pringle,jpringlebn@abc.net.au,Female
Catrina Colquhoun,ccolquhounbo@oaic.gov.au,Male
Thaine Idle,tidlebp@fda.gov,Female
Anselm Godspeede,agodspeedebq@bluehost.com,Male
Roosevelt Fishburn,rfishburnbr@economist.com,Female
Ferd McGoon,fmcgoonbs@yandex.ru,Male
Gayler Curgenven,gcurgenvenbt@qq.com,Female
Gabbie Verbeek,gverbeekbu@booking.com,Female
Otho Lougheid,olougheidbv@pagesperso-orange.fr,Female
Gregoire Blackater,gblackaterbw@fema.gov,Male
Dody Melmoth,dmelmothbx@loc.gov,Male
Freida Grewar,fgrewarby@intel.com,Male
Veradis McCallam,vmccallambz@blogger.com,Female
Carla Jobbins,cjobbinsc0@washington.edu,Male
Tab Kaszper,tkaszperc1@mashable.com,Male
Tanny Snassell,tsnassellc2@elegantthemes.com,Male
Kaia Leven,klevenc3@google.de,Male
Carney Musslewhite,cmusslewhitec4@psu.edu,Female
Merell Jacox,mjacoxc5@acquirethisname.com,Male
Jayne Saunderson,jsaundersonc6@lycos.com,Female
Donetta Cutcliffe,dcutcliffec7@google.cn,Male
Erinn Blunsen,eblunsenc8@gnu.org,Female
Malvina Faragan,mfaraganc9@reuters.com,Male
De witt Streight,dwittca@hibu.com,Female
Filberto Strothers,fstrotherscb@desdev.cn,Female
Lorilee Champney,lchampneycc@patch.com,Female
Lenna Killelea,lkilleleacd@timesonline.co.uk,Female
Hort Latimer,hlatimerce@reuters.com,Male
Rosalie Rolfini,rrolfinicf@buzzfeed.com,Male
Elsworth Ogborn,eogborncg@google.co.uk,Female
Kendell Highway,khighwaych@engadget.com,Female
Bard Penniell,bpenniellci@cmu.edu,Male
Ilene Duell,iduellcj@jimdo.com,Female
Asa Bohin,abohinck@acquirethisname.com,Male
Ned Gurling,ngurlingcl@cloudflare.com,Female
Blakeley Dawton,bdawtoncm@yahoo.co.jp,Female
Glenden Stimpson,gstimpsoncn@behance.net,Female
Fran Hartly,fhartlyco@cnet.com,Male
Reiko Jakubowsky,rjakubowskycp@businesswire.com,Female
Wandie Stait,wstaitcq@studiopress.com,Female
Edsel Maddrell,emaddrellcr@csmonitor.com,Female
Ivan Rusling,iruslingcs@multiply.com,Female
Melicent Courtier,mcourtierct@npr.org,Male
Benedick Wills,bwillscu@yolasite.com,Female
Erhard Grubey,egrubeycv@ycombinator.com,Female
Trey Brewer,tbrewercw@disqus.com,Male
Viviana Brookfield,vbrookfieldcx@youtube.com,Male
Ilse Harsum,iharsumcy@360.cn,Male
Sauveur Paul,spaulcz@nih.gov,Female
Wenda Perschke,wperschked0@vkontakte.ru,Female
Woody Vossgen,wvossgend1@dmoz.org,Female
Averil Linham,alinhamd2@usatoday.com,Female
Hebert Kroger,hkrogerd3@pen.io,Male
Bob Ashmore,bashmored4@pagesperso-orange.fr,Female
Demetra Seamons,dseamonsd5@cpanel.net,Male
Brien Pieters,bpietersd6@microsoft.com,Female
Kahlil Allans,kallansd7@illinois.edu,Female
Sophi Dyer,sdyerd8@reuters.com,Male
Nanon Hansberry,nhansberryd9@mysql.com,Male
Ardella Maffiotti,amaffiottida@google.co.jp,Male
Ketti Potkin,kpotkindb@4shared.com,Male
Gracie Godney,ggodneydc@jiathis.com,Male
Rockwell Pretor,rpretordd@canalblog.com,Male
Moss Yanshonok,myanshonokde@hao123.com,Female
Bathsheba Gehrels,bgehrelsdf@imageshack.us,Female
Gerrilee Bouldon,gbouldondg@amazon.co.jp,Male
Niels Hentze,nhentzedh@ifeng.com,Male
Berry Bruun,bbruundi@ucoz.ru,Female
Tiphani Waszczyk,twaszczykdj@yale.edu,Male
Hanni Musla,hmusladk@thetimes.co.uk,Male
Conroy Bolles,cbollesdl@tiny.cc,Female
Laureen Brahms,lbrahmsdm@yolasite.com,Female
Boot Pentony,bpentonydn@imdb.com,Male
Eliot Tuffley,etuffleydo@telegraph.co.uk,Female
Emili Dow,edowdp@eventbrite.com,Female
Aldin Oppy,aoppydq@eventbrite.com,Female
Curran Southern,csoutherndr@sbwire.com,Female
Kirbee De Brett,kdeds@csmonitor.com,Male
Yard Sygroves,ysygrovesdt@mit.edu,Male
Reinaldos Sute,rsutedu@fastcompany.com,Male
Viole Arkwright,varkwrightdv@diigo.com,Male
Harwell Elliman,hellimandw@ed.gov,Female
Emile Luberto,elubertodx@jiathis.com,Male
Todd Pepye,tpepyedy@answers.com,Male
Carin Duigan,cduigandz@globo.com,Male
Monroe Schachter,mschachtere0@timesonline.co.uk,Female
Caldwell Scholtz,cscholtze1@mayoclinic.com,Male
Ingaberg Sorrie,isorriee2@huffingtonpost.com,Male
Talbot Upcraft,tupcrafte3@issuu.com,Female
Cristobal Szabo,cszaboe4@prweb.com,Male
Damon Norcliffe,dnorcliffee5@independent.co.uk,Male
Abagael Astall,aastalle6@ycombinator.com,Male
Niko Rogliero,nroglieroe7@typepad.com,Male
Margarete Duplock,mduplocke8@mashable.com,Male
Bradley Gillhespy,bgillhespye9@wikipedia.org,Male
Norri Sorrell,nsorrellea@vk.com,Male
Pall Hedan,phedaneb@wsj.com,Male
Farrel Casaroli,fcasaroliec@sitemeter.com,Female
Catie Teasdale-Markie,cteasdalemarkieed@biblegateway.com,Female
Bron Doelle,bdoelleee@networksolutions.com,Male
Zonnya Hedde,zheddeef@free.fr,Female
Flori Fulmen,ffulmeneg@uiuc.edu,Female
Joeann Akehurst,jakehursteh@europa.eu,Female
Magdalena Reinisch,mreinischei@tumblr.com,Female
Joline Striker,jstrikerej@ihg.com,Female
Isabel Baptista,ibaptistaek@privacy.gov.au,Female
Arman MacKall,amackallel@opensource.org,Male
Gordie Finlator,gfinlatorem@squidoo.com,Female
Hadria De Roos,hdeen@bbc.co.uk,Female
Jourdan Durram,jdurrameo@unblog.fr,Male
Indira McElrea,imcelreaep@hubpages.com,Male
Anders Broomfield,abroomfieldeq@mlb.com,Female
Zachery Pendered,zpendereder@dedecms.com,Male
Hale Janowski,hjanowskies@hp.com,Male
Shae Goudie,sgoudieet@squidoo.com,Female
Cristobal Ashbey,cashbeyeu@about.me,Female
Reta Carden,rcardenev@uiuc.edu,Female
Jeanie Dorin,jdorinew@nature.com,Male
Raynard Lenahan,rlenahanex@newsvine.com,Female
Fulvia Kenninghan,fkenninghaney@weibo.com,Male
Bobbie Fyldes,bfyldesez@auda.org.au,Male
Joanne Shacklady,jshackladyf0@fc2.com,Male
Lenka Toller,ltollerf1@wsj.com,Male
Jeanelle Odney,jodneyf2@arstechnica.com,Female
Florenza Proudley,fproudleyf3@csmonitor.com,Male
Dian Uttley,duttleyf4@123-reg.co.uk,Male
Garald Rubinovitsch,grubinovitschf5@booking.com,Male
Rachael Llewelyn,rllewelynf6@mayoclinic.com,Male
Vania Chadwen,vchadwenf7@ted.com,Female
Timi Dunnaway,tdunnawayf8@google.ca,Male
Judah Neaverson,jneaversonf9@forbes.com,Female
Philly McKenzie,pmckenziefa@hatena.ne.jp,Male
Ernaline Schrieves,eschrievesfb@unicef.org,Male
Beilul Hinstridge,bhinstridgefc@mayoclinic.com,Male
Roxane Sparwell,rsparwellfd@flickr.com,Male
Agnella Baccus,abaccusfe@reverbnation.com,Male
Anallise Henstridge,ahenstridgeff@domainmarket.com,Male
Nancee Widmoor,nwidmoorfg@tamu.edu,Female
Evelyn Tregien,etregienfh@homestead.com,Male
Danit Nosworthy,dnosworthyfi@1und1.de,Female
Cherrita Longthorn,clongthornfj@house.gov,Female
Muire Moryson,mmorysonfk@ycombinator.com,Female
George Bentsen,gbentsenfl@dot.gov,Female
Marlowe Fairhead,mfairheadfm@oakley.com,Male
Ida Vear,ivearfn@comcast.net,Female
Tremayne Duffell,tduffellfo@smugmug.com,Female
Adelheid Winspeare,awinspearefp@smugmug.com,Female
Rainer Lorriman,rlorrimanfq@washingtonpost.com,Male
Halli Lees,hleesfr@about.com,Male
Katine Richfield,krichfieldfs@google.co.jp,Female
Yolane Assinder,yassinderft@paginegialle.it,Female
Linea Rasher,lrasherfu@com.com,Female
Milli Josovitz,mjosovitzfv@vimeo.com,Male
Cord Alyukin,calyukinfw@upenn.edu,Male
Franciskus Ginger,fgingerfx@msu.edu,Male
Anne Geharke,ageharkefy@liveinternet.ru,Male
Kerr Simmon,ksimmonfz@jigsy.com,Male
Latisha Cousen,lcouseng0@i2i.jp,Male
Nate Georgel,ngeorgelg1@devhub.com,Male
Helen Dilley,hdilleyg2@virginia.edu,Male
Luke Batiste,lbatisteg3@typepad.com,Female
Justino MacGilfoyle,jmacgilfoyleg4@yellowbook.com,Female
Alexio Ottam,aottamg5@jalbum.net,Male
Gustavus Linder,glinderg6@admin.ch,Female
Anatollo Kilroy,akilroyg7@vinaora.com,Female
Igor Edgecumbe,iedgecumbeg8@cargocollective.com,Female
Nan Ferriere,nferriereg9@yandex.ru,Male
Harp Sides,hsidesga@comcast.net,Male
Laetitia Lillistone,llillistonegb@angelfire.com,Male
Gertruda Gracey,ggraceygc@google.com.au,Female
Chantal Pietesch,cpieteschgd@wp.com,Male
Gussi Tremelling,gtremellingge@cnn.com,Female
Gary Andryunin,gandryuningf@jugem.jp,Male
Jannelle Adamovsky,jadamovskygg@edublogs.org,Male
Mile Dugmore,mdugmoregh@craigslist.org,Male
Bernie Songist,bsongistgi@hud.gov,Male
Maxie Duffree,mduffreegj@twitpic.com,Female
Yolanthe Vyvyan,yvyvyangk@state.tx.us,Female
Alysa McFadin,amcfadingl@feedburner.com,Female
Alexandr Rhead,arheadgm@google.ca,Female
Rafe Akester,rakestergn@posterous.com,Female
Jerri Belch,jbelchgo@360.cn,Male
Ivy Molloy,imolloygp@bbc.co.uk,Male
Had Gannicleff,hgannicleffgq@webeden.co.uk,Female
Alvin Whelpton,awhelptongr@fema.gov,Male
Shauna Pounds,spoundsgs@bluehost.com,Female
Madelle Birchner,mbirchnergt@chronoengine.com,Female
Elka Abys,eabysgu@pagesperso-orange.fr,Male
Zachariah Brussels,zbrusselsgv@hubpages.com,Male
Audry Duiged,aduigedgw@disqus.com,Female
Biron Fendlen,bfendlengx@bizjournals.com,Female
Artemis Yateman,ayatemangy@newyorker.com,Female
Gibbie Yalden,gyaldengz@buzzfeed.com,Female
Leupold Gadeaux,lgadeauxh0@aboutads.info,Female
Nickolaus Haggis,nhaggish1@yolasite.com,Female
Olag Gebb,ogebbh2@example.com,Female
Cordell Vanne,cvanneh3@drupal.org,Male
Lesley Balfour,lbalfourh4@mac.com,Male
Billye Reichhardt,breichhardth5@digg.com,Male
Laural Darko,ldarkoh6@themeforest.net,Male
Duky Hoovart,dhoovarth7@cdbaby.com,Male
Jedediah Riddler,jriddlerh8@istockphoto.com,Male
Fawne Finlason,ffinlasonh9@cbsnews.com,Male
Del Acres,dacresha@blogspot.com,Female
Andreana Gidney,agidneyhb@businesswire.com,Female
Mariana Vokes,mvokeshc@harvard.edu,Female
Kaylee Salmons,ksalmonshd@wp.com,Female
Gaven Stribbling,gstribblinghe@skype.com,Female
Catlin Daftor,cdaftorhf@apple.com,Male
Isacco Duffrie,iduffriehg@time.com,Female
Arlyn Wahlberg,awahlberghh@dmoz.org,Male
Sonia Geaves,sgeaveshi@constantcontact.com,Male
Rodolfo Urien,rurienhj@prnewswire.com,Male
Camey Colborn,ccolbornhk@foxnews.com,Female
Mufi Kopfen,mkopfenhl@howstuffworks.com,Male
Gayleen Speke,gspekehm@dagondesign.com,Male
Gussie Werlock,gwerlockhn@uol.com.br,Male
Lenna Sillars,lsillarsho@elegantthemes.com,Male
Antonius Yarranton,ayarrantonhp@sogou.com,Male
Mathian O'Neil,moneilhq@goo.ne.jp,Female
Nikoletta Matyushonok,nmatyushonokhr@wikimedia.org,Male
Brnaba Castro,bcastrohs@devhub.com,Male
Kerby Rubinowitsch,krubinowitschht@51.la,Female
Reggis Schuster,rschusterhu@timesonline.co.uk,Female
Shay Dellow,sdellowhv@booking.com,Male
Aurel Ellwell,aellwellhw@mail.ru,Female
Milka Lowle,mlowlehx@theatlantic.com,Male
Irvin Willmont,iwillmonthy@bravesites.com,Female
Lewiss Goacher,lgoacherhz@yandex.ru,Male
Ingrim Gellibrand,igellibrandi0@wordpress.com,Female
Charla Baudino,cbaudinoi1@washington.edu,Male
Adelheid Jaan,ajaani2@nifty.com,Male
Hyacinth Rennebeck,hrennebecki3@discovery.com,Female
Thorpe Livett,tlivetti4@hp.com,Male
Curr Rawet,craweti5@printfriendly.com,Female
Bogey Solland,bsollandi6@gravatar.com,Male
Samantha Glaisner,sglaisneri7@yellowbook.com,Male
Tiertza Clemetts,tclemettsi8@ucoz.com,Female
Fabe Treneman,ftrenemani9@friendfeed.com,Female
Dinah Stoyles,dstoylesia@ucoz.ru,Male
Bryant Loiterton,bloitertonib@gravatar.com,Male
Iolanthe Follett,ifollettic@pcworld.com,Male
Innis Cleyburn,icleyburnid@amazon.de,Female
Celestina McCullouch,cmccullouchie@state.tx.us,Male
Davin McGrey,dmcgreyif@bloomberg.com,Male
Claus Whitton,cwhittonig@dot.gov,Female
Angelico Borlease,aborleaseih@tiny.cc,Female
Linc Bucknall,lbucknallii@phpbb.com,Female
Sherri Verlinden,sverlindenij@cargocollective.com,Male
Valina Buckley,vbuckleyik@tiny.cc,Female
Dredi Yancey,dyanceyil@theguardian.com,Male
Devora Nind,dnindim@gmpg.org,Female
Camellia Rist,cristin@taobao.com,Female
Tabbie Decourcy,tdecourcyio@craigslist.org,Female
Bearnard Ainsbury,bainsburyip@istockphoto.com,Female
Pepito Conneely,pconneelyiq@networksolutions.com,Male
Maritsa Baser,mbaserir@cbsnews.com,Female
Gusti Heathcoat,gheathcoatis@about.com,Female
Cariotta Yeoman,cyeomanit@goo.gl,Male
Stanfield Falconar,sfalconariu@irs.gov,Female
Chauncey Giacobillo,cgiacobilloiv@sina.com.cn,Male
Herschel Kennford,hkennfordiw@t.co,Female
Raina Rosenthaler,rrosenthalerix@amazon.co.jp,Female
Daryn Curgenuer,dcurgenueriy@xinhuanet.com,Male
Burtie Linacre,blinacreiz@unesco.org,Female
Helen-elizabeth Pesic,hpesicj0@i2i.jp,Male
Mureil Derrett,mderrettj1@noaa.gov,Female
Jordan Vouls,jvoulsj2@bloglovin.com,Male
Fulton Royden,froydenj3@amazon.com,Male
Felice Steiner,fsteinerj4@geocities.jp,Female
Cale Kays,ckaysj5@shareasale.com,Female
Tori Wallbank,twallbankj6@newyorker.com,Female
Shantee Caddan,scaddanj7@home.pl,Female
Domenic Chantler,dchantlerj8@cnbc.com,Female
Juan McGrayle,jmcgraylej9@bravesites.com,Female
Vladamir Aird,vairdja@marketwatch.com,Female
Gertrudis Coles,gcolesjb@examiner.com,Male
Tressa Tredger,ttredgerjc@prweb.com,Female
Korie Le Marchand,klejd@indiegogo.com,Male
Armin Maria,amariaje@nationalgeographic.com,Male
Brander Ellingworth,bellingworthjf@skype.com,Female
Hymie Shirrell,hshirrelljg@independent.co.uk,Female
Catlaina Canby,ccanbyjh@4shared.com,Female
Jarrid Raithby,jraithbyji@edublogs.org,Male
Sheridan Bickerdicke,sbickerdickejj@upenn.edu,Female
Goldarina Billison,gbillisonjk@istockphoto.com,Female
Nicolai Jewes,njewesjl@bandcamp.com,Female
Nikolia Blodgetts,nblodgettsjm@php.net,Male
Louis Plows,lplowsjn@mediafire.com,Male
Golda Trowl,gtrowljo@newsvine.com,Male
Jeanette Walentynowicz,jwalentynowiczjp@edublogs.org,Female
Isador Murray,imurrayjq@tinypic.com,Female
Welbie Sharma,wsharmajr@ftc.gov,Male
Kirstyn Gate,kgatejs@fema.gov,Male
Luciana McClelland,lmcclellandjt@miibeian.gov.cn,Female
Emiline Jansa,ejansaju@desdev.cn,Female
Aloysia Kynett,akynettjv@prnewswire.com,Female
Heddi Kilmartin,hkilmartinjw@ustream.tv,Female
Edmund Pelos,epelosjx@wordpress.com,Male
Frazier Jarad,fjaradjy@sohu.com,Male
Kath Hilling,khillingjz@tamu.edu,Male
Sibilla Gauld,sgauldk0@nih.gov,Male
Germain Gorrick,ggorrickk1@live.com,Female
Dotty Carberry,dcarberryk2@paginegialle.it,Female
Walden Shallcross,wshallcrossk3@deliciousdays.com,Female
Ethe Mancktelow,emancktelowk4@com.com,Male
Tani Blundell,tblundellk5@nhs.uk,Female
Aurilia Rollinson,arollinsonk6@github.com,Female
Kendrick Tallquist,ktallquistk7@google.co.jp,Female
Shanie Sheddan,ssheddank8@elpais.com,Female
Davida Hallgate,dhallgatek9@cnbc.com,Male
Mei Grain,mgrainka@nymag.com,Female
Tansy Tildesley,ttildesleykb@mapquest.com,Female
Chrystal McHardy,cmchardykc@studiopress.com,Female
Doy Giacopini,dgiacopinikd@booking.com,Male
Joete Leighfield,jleighfieldke@usa.gov,Female
Dalton Anthona,danthonakf@ted.com,Male
Barbra Franceschi,bfranceschikg@storify.com,Male
Keen Botfield,kbotfieldkh@time.com,Male
Sigfried Bratty,sbrattyki@webnode.com,Female
Archibaldo Duguid,aduguidkj@com.com,Female
Ninnette Comi,ncomikk@harvard.edu,Female
Sancho MacCartney,smaccartneykl@photobucket.com,Male
Antonius Baudins,abaudinskm@google.com.au,Male
Salaidh Lantiffe,slantiffekn@ca.gov,Female
Forester Bow,fbowko@histats.com,Male
Willette Lea,wleakp@time.com,Female
Daniele Orum,dorumkq@goo.ne.jp,Male
Brandy Wotherspoon,bwotherspoonkr@illinois.edu,Female
Micheline Sibthorpe,msibthorpeks@pbs.org,Male
Miltie Slora,mslorakt@purevolume.com,Male
Kettie Punyer,kpunyerku@github.io,Male
Allis Stedman,astedmankv@marketwatch.com,Male
Tobey de Juares,tdekw@constantcontact.com,Female
Neala Domengue,ndomenguekx@kickstarter.com,Female
Terrel Kochs,tkochsky@google.es,Male
Bernelle Gallop,bgallopkz@fema.gov,Male
Sydel Serginson,sserginsonl0@ted.com,Female
Rustie Astles,rastlesl1@photobucket.com,Male
Meryl Georgeau,mgeorgeaul2@macromedia.com,Male
Issy Dacks,idacksl3@google.ca,Female
Aldo Ilyuchyov,ailyuchyovl4@miibeian.gov.cn,Male
Merrilee Finnimore,mfinnimorel5@apache.org,Female
Freda Grimston,fgrimstonl6@purevolume.com,Female
Prescott Thirwell,pthirwelll7@technorati.com,Male
Lynett Spendley,lspendleyl8@msn.com,Female
Emlen Mahaffey,emahaffeyl9@slate.com,Male
Nicola McWilliams,nmcwilliamsla@ucoz.com,Female
Rafaellle Braunle,rbraunlelb@nymag.com,Male
Hinze Corbet,hcorbetlc@topsy.com,Female
Keeley Batson,kbatsonld@uol.com.br,Female
Cathy Matis,cmatisle@issuu.com,Male
Dedra Dowderswell,ddowderswelllf@go.com,Male
Gard Hulatt,ghulattlg@ftc.gov,Female
Allis MacCarrick,amaccarricklh@trellian.com,Female
Wenona Adamo,wadamoli@china.com.cn,Female
Rozele Faich,rfaichlj@bbb.org,Female
Peria Killelay,pkillelaylk@dailymotion.com,Male
Chrysa Hargie,chargiell@nydailynews.com,Female
Maryanne Jacqueminot,mjacqueminotlm@gmpg.org,Female
Zed Kneebone,zkneeboneln@wikispaces.com,Female
Bryana Caldaro,bcaldarolo@webs.com,Female
Cherry Tregiddo,ctregiddolp@yandex.ru,Male
Nan Jannex,njannexlq@shinystat.com,Male
Gratiana Stutter,gstutterlr@linkedin.com,Male
Gabriel Oldcote,goldcotels@house.gov,Male
Tam Katz,tkatzlt@arstechnica.com,Male
Germain McCathay,gmccathaylu@imdb.com,Male
Teddie Hatton,thattonlv@chron.com,Female
Neddie Chesman,nchesmanlw@hhs.gov,Male
Saree Slidders,sslidderslx@ca.gov,Female
Noelle Lenz,nlenzly@forbes.com,Female
Georgiana Davidai,gdavidailz@patch.com,Male
Lind Seary,lsearym0@omniture.com,Female
Sindee Dullard,sdullardm1@wikispaces.com,Female
Allyson Gisborne,agisbornem2@nature.com,Male
Bethena Belf,bbelfm3@free.fr,Male
Gianna Fiddiman,gfiddimanm4@geocities.jp,Male
Katrine Stolting,kstoltingm5@ft.com,Male
Camile Gilmartin,cgilmartinm6@miibeian.gov.cn,Female
Thibaud Potter,tpotterm7@google.com,Male
Heidi MacAne,hmacanem8@live.com,Female
Halie Ricarde,hricardem9@tinypic.com,Female
Claudetta Orrocks,corrocksma@clickbank.net,Female
Mathe Anderbrugge,manderbruggemb@huffingtonpost.com,Female
Jorgan Basek,jbasekmc@webmd.com,Male
Elyssa Harrap,eharrapmd@ucoz.com,Female
Jackie Plaister,jplaisterme@slideshare.net,Female
Sanders Gerauld,sgerauldmf@amazon.co.jp,Male
Sheilakathryn Rae,sraemg@nationalgeographic.com,Male
Meghan Golding,mgoldingmh@addthis.com,Male
Corabella Housiaux,chousiauxmi@myspace.com,Male
Lebbie Aidler,laidlermj@stanford.edu,Female
Rolfe Landman,rlandmanmk@lycos.com,Female
Benny Boulger,bboulgerml@fotki.com,Male
Solomon Joris,sjorismm@unesco.org,Female
Eleanora Blucher,ebluchermn@wikispaces.com,Male
Claudetta Wark,cwarkmo@microsoft.com,Male
Ferdinande Whatley,fwhatleymp@multiply.com,Male
Kiah Winman,kwinmanmq@symantec.com,Male
Jeremy Rothschild,jrothschildmr@mashable.com,Male
Salvador McCrackan,smccrackanms@tamu.edu,Female
Dru Durrett,ddurrettmt@kickstarter.com,Female
Ruddie Jessope,rjessopemu@etsy.com,Male
Molly Howett,mhowettmv@columbia.edu,Male
Kermy Kemmet,kkemmetmw@prlog.org,Male
Lionel Dufaire,ldufairemx@rakuten.co.jp,Male
Johnathon Shelsher,jshelshermy@edublogs.org,Male
Estrella Payler,epaylermz@google.nl,Male
Gerhard Kilmurry,gkilmurryn0@amazon.com,Female
Godard Dhenin,gdheninn1@virginia.edu,Male
Rhoda Folca,rfolcan2@sina.com.cn,Female
Tami De Brett,tden3@wufoo.com,Male
Giuseppe Ingarfield,gingarfieldn4@github.io,Female
Faustina Stennet,fstennetn5@theglobeandmail.com,Male
Ariel Todaro,atodaron6@wikipedia.org,Female
Marla Lapley,mlapleyn7@flavors.me,Male
Angelle Fealty,afealtyn8@so-net.ne.jp,Male
Gabbie Riply,griplyn9@paypal.com,Male
Valli Andrich,vandrichna@usnews.com,Male
Lemmie Trevenu,ltrevenunb@dmoz.org,Male
Zebulon O'Hickee,zohickeenc@tiny.cc,Female
Blancha Kretschmer,bkretschmernd@hexun.com,Female
Constantin Boltwood,cboltwoodne@un.org,Male
Meyer Fenimore,mfenimorenf@shinystat.com,Male
Saunders Van Zon,svanng@meetup.com,Male
Rosanne Stranaghan,rstranaghannh@scientificamerican.com,Female
Shel Birkbeck,sbirkbeckni@pagesperso-orange.fr,Female
Margy Wickes,mwickesnj@bbc.co.uk,Male
Laureen Blunsum,lblunsumnk@cdbaby.com,Male
Jamal Kneesha,jkneeshanl@illinois.edu,Male
Zola Minghetti,zminghettinm@sbwire.com,Male
Anallise Keable,akeablenn@addthis.com,Female
Sharyl Owen,sowenno@intel.com,Female
Zachery Koenen,zkoenennp@psu.edu,Male
Chet Burnsyde,cburnsydenq@diigo.com,Female
Olin Focke,ofockenr@huffingtonpost.com,Female
Annetta McDill,amcdillns@altervista.org,Female
Mordy Gascoyen,mgascoyennt@merriam-webster.com,Female
Jacinta Crossfeld,jcrossfeldnu@wikia.com,Male
Magdaia Carbonell,mcarbonellnv@ameblo.jp,Female
Tresa Arnowitz,tarnowitznw@hatena.ne.jp,Female
Leilah Scatchard,lscatchardnx@nba.com,Female
Bunny Pecey,bpeceyny@oakley.com,Female
Cherianne Rawlin,crawlinnz@facebook.com,Male
Eddy Van Arsdale,evano0@ca.gov,Male
Clemence MacLise,cmacliseo1@biglobe.ne.jp,Female
Tawsha Plewright,tplewrighto2@domainmarket.com,Male
Hunfredo Stenett,hstenetto3@bloglines.com,Female
Elmira Almey,ealmeyo4@php.net,Male
Leeanne Dymott,ldymotto5@reverbnation.com,Female
Filide Haseman,fhasemano6@hao123.com,Female
Ruperto Rome,rromeo7@cbc.ca,Male
Amos Sheach,asheacho8@clickbank.net,Male
Lindsey Strapp,lstrappo9@gravatar.com,Male
Clarine Mulcahy,cmulcahyoa@ustream.tv,Male
Fin Mettetal,fmettetalob@pen.io,Male
Manuel Kennan,mkennanoc@house.gov,Male
Ayn Bermingham,aberminghamod@gravatar.com,Female
Giulietta Dunning,gdunningoe@facebook.com,Male
Kerrie Sturdgess,ksturdgessof@bing.com,Female
Loretta Gowanlock,lgowanlockog@mlb.com,Male
Kaspar Tobias,ktobiasoh@privacy.gov.au,Female
Mirna Joskovitch,mjoskovitchoi@seattletimes.com,Female
Judah Copeland,jcopelandoj@yahoo.com,Male
Phedra Kordas,pkordasok@noaa.gov,Female
Gorden Cattell,gcattellol@cnet.com,Male
Jacki Iacovo,jiacovoom@shareasale.com,Male
Maynord Fair,mfairon@angelfire.com,Female
Jehu Maffioletti,jmaffiolettioo@google.co.uk,Male
Sasha Conichie,sconichieop@yahoo.co.jp,Male
Maximo Jillis,mjillisoq@wordpress.org,Female
Ancell Mathiassen,amathiassenor@youtu.be,Female
Jocelyne Marriage,jmarriageos@github.com,Male
Sephira Crabb,scrabbot@hexun.com,Male
Cecilia Cosbey,ccosbeyou@microsoft.com,Male
Charmane Ackers,cackersov@eventbrite.com,Male
Filide Brighty,fbrightyow@seattletimes.com,Male
Sandi Skittles,sskittlesox@deviantart.com,Female
Aura Callear,acallearoy@upenn.edu,Female
Micky Ivel,miveloz@si.edu,Female
Guthrie Boardman,gboardmanp0@epa.gov,Male
Mabelle Balwin,mbalwinp1@live.com,Female
Dorian Gepheart,dgepheartp2@mayoclinic.com,Male
Marianne Daniells,mdaniellsp3@t-online.de,Female
Dew Cottu,dcottup4@miibeian.gov.cn,Male
Alfons Mattessen,amattessenp5@usda.gov,Female
Jacquie Stiddard,jstiddardp6@mit.edu,Female
Obie Jopson,ojopsonp7@marriott.com,Female
Gun Sothern,gsothernp8@tamu.edu,Male
Catlaina Embury,cemburyp9@imageshack.us,Female
Deana Haggleton,dhaggletonpa@blogtalkradio.com,Female
Henderson Dallan,hdallanpb@tuttocitta.it,Female
Oralle Beney,obeneypc@twitpic.com,Female
Marja Fasset,mfassetpd@wordpress.org,Male
Lonnie Sich,lsichpe@sakura.ne.jp,Female
Fredi Dincey,fdinceypf@printfriendly.com,Female
Zsazsa Wherton,zwhertonpg@go.com,Female
Edgardo Withey,ewitheyph@slate.com,Female
Vernen Pinching,vpinchingpi@smh.com.au,Female
Paulie Paradis,pparadispj@booking.com,Female
Nicolle Soule,nsoulepk@jugem.jp,Male
Audrie Forst,aforstpl@51.la,Female
Bryana Fritz,bfritzpm@twitter.com,Male
Yale Wyness,ywynesspn@foxnews.com,Male
Debbi Brashaw,dbrashawpo@elpais.com,Female
Mark Gratten,mgrattenpp@ihg.com,Female
Vinni Goldwater,vgoldwaterpq@naver.com,Male
Travis Von Helmholtz,tvonpr@loc.gov,Male
Tedra Noni,tnonips@goo.ne.jp,Female
Christophorus Lenin,cleninpt@miitbeian.gov.cn,Female
Jehanna Joseland,jjoselandpu@meetup.com,Male
Rafaelia Sansome,rsansomepv@un.org,Female
Darrick Pamplin,dpamplinpw@comcast.net,Male
Odell Panons,opanonspx@noaa.gov,Male
Yard Filde,yfildepy@t-online.de,Female
Bennie Brownstein,bbrownsteinpz@networkadvertising.org,Male
Nelie Orbon,norbonq0@eventbrite.com,Male
Lani Lowther,llowtherq1@discovery.com,Male
Myca Dahill,mdahillq2@goo.ne.jp,Female
Flory Syversen,fsyversenq3@dedecms.com,Female
Pascale Abbie,pabbieq4@hhs.gov,Male
Sharl Desquesnes,sdesquesnesq5@vk.com,Male
Bronson Ovid,bovidq6@people.com.cn,Female
Letisha Biaggioli,lbiaggioliq7@state.tx.us,Male
Belva Jantel,bjantelq8@ezinearticles.com,Male
Zelda Frizell,zfrizellq9@wikimedia.org,Male
Elke Sweating,esweatingqa@ocn.ne.jp,Female
Andrea Semorad,asemoradqb@slashdot.org,Female
Rodolph Maulden,rmauldenqc@fotki.com,Male
Fanchette Rives,frivesqd@cpanel.net,Female
Tansy Checcuzzi,tcheccuzziqe@yelp.com,Female
Elinore Balleine,eballeineqf@sfgate.com,Male
Lacee Paslow,lpaslowqg@wikimedia.org,Male
Clayton Durn,cdurnqh@bloglines.com,Female
Brose Eite,beiteqi@wix.com,Female
Edee Morphet,emorphetqj@cornell.edu,Female
Hubert Sterrick,hsterrickqk@etsy.com,Male
Mendel Spinley,mspinleyql@tinypic.com,Male
Corabelle Greenstock,cgreenstockqm@soundcloud.com,Male
Chalmers Kurdani,ckurdaniqn@latimes.com,Male
Ferd Prium,fpriumqo@baidu.com,Female
Kristyn Burnhams,kburnhamsqp@home.pl,Male
Natassia Eubank,neubankqq@si.edu,Male
Nicolette Vere,nvereqr@chron.com,Male
Kellsie Siddeley,ksiddeleyqs@geocities.jp,Male
Willa Etoile,wetoileqt@spotify.com,Female
Remy Muggleton,rmuggletonqu@sogou.com,Female
Melisenda Hammell,mhammellqv@cloudflare.com,Female
Clarine Claessens,cclaessensqw@stumbleupon.com,Female
Brittaney Greer,bgreerqx@de.vu,Female
Giorgia Budcock,gbudcockqy@microsoft.com,Female
Kristi Garett,kgarettqz@blogspot.com,Female
Roana Ferney,rferneyr0@blogger.com,Female
Laney Cardo,lcardor1@hud.gov,Male
Byran Lillecrop,blillecropr2@i2i.jp,Male
Margarette Sherratt,msherrattr3@seesaa.net,Male
Stuart Diggle,sdiggler4@google.nl,Female
Fraser Heard,fheardr5@nih.gov,Male
Spenser Tyrwhitt,styrwhittr6@cocolog-nifty.com,Female
Mathias Izkovicz,mizkoviczr7@people.com.cn,Male
Cherianne Steedman,csteedmanr8@narod.ru,Female
Bellina Szapiro,bszapiror9@cpanel.net,Female
Maryjo Albon,malbonra@pinterest.com,Male
Farrel Clemencet,fclemencetrb@hc360.com,Female
Valaria Pendlebery,vpendleberyrc@ameblo.jp,Male
Corabella Murrigan,cmurriganrd@spiegel.de,Male
Maxim Hardage,mhardagere@godaddy.com,Female
Nickolai Seally,nseallyrf@abc.net.au,Male
Robinet Woolfoot,rwoolfootrg@over-blog.com,Male
Kelsi Hinzer,khinzerrh@surveymonkey.com,Female
Damaris Blowfelde,dblowfelderi@wiley.com,Male
Babb Becom,bbecomrj@ucsd.edu,Female
Ethelda Haythorn,ehaythornrk@facebook.com,Male
Evanne Quartermaine,equartermainerl@mashable.com,Female
Gertrude Paaso,gpaasorm@boston.com,Male
Waldemar O'Doghesty,wodoghestyrn@usgs.gov,Male
Katinka Gouck,kgouckro@cdbaby.com,Female
Brady Lunnon,blunnonrp@home.pl,Male
Emory Binton,ebintonrq@about.me,Male
Vassily Jervis,vjervisrr@guardian.co.uk,Female
